id,amount,date,category,description,isExpense,paymentMethod
c034dec7-c208-4792-a241-a61cbe875ea2,132.52,2024-03-07,医疗,药品,true,现金
d661454c-2840-47d3-9a0c-039be4e0848b,225.37,2024-03-08,娱乐,电影,true,支付宝
a6156da1-f818-4894-b562-5e62b623cd45,84.78,2024-03-08,住房,房租,true,银行转账
fc84d800-552d-4bd6-8c59-7ee18b24d5b2,58.66,2024-03-09,交通,出租车,true,现金
e77f13d3-3e02-4ace-9c89-bdc2d9ffac56,113.25,2024-03-09,交通,出租车,true,微信
6d14192c-fd5f-4f98-96a8-2ffdc5dc48b8,149.45,2024-03-10,住房,房租,true,支付宝
f81bb1ad-b512-447c-8b6d-124435e660a8,32.01,2024-03-11,交通,出租车,true,支付宝
47066811-f594-4c74-9138-0dc02147b838,7647.43,2024-03-11,收入,工资,false,现金
dcf756bb-509a-4318-b098-2cae39b37411,187.37,2024-03-11,娱乐,电影,true,微信
bc952213-ede6-48a3-b1b5-e43cf9bdffb1,101.52,2024-03-12,住房,房租,true,银行转账
d98e6c1e-5010-4a42-bf6d-0d5915e651e2,240.58,2024-03-12,餐饮,早餐,true,微信
b89d8461-628b-4b7c-9ad8-a1988cbb7d60,4248.65,2024-03-13,收入,工资,false,现金
8da4d272-18b8-40c4-935e-70a78ebbef88,22.58,2024-03-13,餐饮,早餐,true,现金
81ed0e1b-3204-45eb-948a-a0c3f0b2a7b8,40.05,2024-03-14,餐饮,早餐,true,支付宝
55783d93-e51d-41f8-94ff-762f34f04aa4,64.92,2024-03-14,交通,出租车,true,现金
9edb4110-dafe-410d-9fdd-093cc4cbe1ec,173.19,2024-03-15,餐饮,早餐,true,支付宝
c0d62c8e-dfed-4261-8522-8a7ba7b02d85,73.99,2024-03-15,餐饮,早餐,true,微信
e3c4bd7f-b298-41d0-a93a-2f5696a1f290,35.25,2024-03-16,娱乐,电影,true,现金
104e6828-e724-49bb-b282-46d7a0d7060c,70.37,2024-03-16,餐饮,早餐,true,支付宝
65a7e9e6-6bf5-4471-bd6a-bc9abca641c2,58.70,2024-03-16,购物,网购,true,信用卡
6fa37d39-b95c-4c8c-b2ab-ba0f13294571,206.96,2024-03-17,娱乐,电影,true,微信
0c8c88e1-0c17-4c6b-a8c0-a0db2840f51a,95.19,2024-03-17,交通,出租车,true,现金
3b387a8f-d2d9-4f6e-94de-6695e8216e90,2689.65,2024-03-18,收入,工资,false,现金
11036da2-7d35-447b-bd59-9686facaf354,107.69,2024-03-18,餐饮,早餐,true,支付宝
0b0d864c-ccc8-4f06-9094-5102777fe286,47.46,2024-03-19,购物,网购,true,支付宝
a6541238-041d-4dce-b698-e3c9f0072f17,74.23,2024-03-19,住房,房租,true,现金
fffd3a09-a356-4924-8b1b-b739d8dc8cf0,71.52,2024-03-20,购物,网购,true,支付宝
98a72b85-0c0c-443b-a79d-95172ca84a0c,104.35,2024-03-20,餐饮,早餐,true,现金
37b3dee4-4925-4a53-9c70-eafbbfe9f623,108.50,2024-03-21,住房,房租,true,微信
7a02254f-e039-4050-9b12-27f9a0905338,81.93,2024-03-21,餐饮,早餐,true,现金
4d0ed237-a735-411b-919c-7466d88f4688,53.29,2024-03-21,住房,房租,true,微信
57a69738-aab3-4576-8d75-b44b05069778,176.04,2024-03-22,购物,网购,true,信用卡
5b7386cb-62be-4781-ba24-f6890babf754,272.03,2024-03-22,餐饮,早餐,true,微信
7921fba6-3454-43ed-b09e-fc3e42b7ad6d,111.63,2024-03-23,餐饮,早餐,true,微信
b0207416-8c03-4e3e-a34b-a5a08b130650,26.27,2024-03-23,购物,网购,true,信用卡
886068b9-df7a-43ca-a01f-1693c6d64bed,23.86,2024-03-24,住房,房租,true,微信
2c603b69-f25d-41a1-9fd4-4161a1bdffd2,103.72,2024-03-24,娱乐,电影,true,支付宝
7fd74845-9830-4a23-9109-1e59de6fdae9,45.20,2024-03-25,购物,网购,true,信用卡
8fa3a938-93be-476d-b04a-fcc4d35c9865,143.57,2024-03-25,交通,出租车,true,微信
28425f2a-f205-4793-a113-ff57757e4b0b,194.95,2024-03-26,购物,网购,true,现金
6e6f0b56-b70c-4750-89f0-92b9a7a86fcc,84.18,2024-03-26,购物,网购,true,微信
0e2e223b-27ec-4c6c-87f3-954a3fff4f77,216.78,2024-03-27,交通,出租车,true,微信
cbd3eabc-9f77-4c50-80f7-927be772c8f0,128.97,2024-03-27,交通,出租车,true,微信
c93e8679-de37-4ddb-90e8-34df95726fef,62.78,2024-03-27,医疗,药品,true,医保卡
fcea8e75-1905-410d-82c2-f6929124fd43,57.71,2024-03-28,交通,出租车,true,支付宝
30e965b6-ac28-4fe1-80d8-81d13b719f0e,151.74,2024-03-28,购物,网购,true,信用卡
78afe8f5-9578-433a-9f89-08855e7a7225,39.42,2024-03-29,交通,出租车,true,微信
415ed753-75f5-4629-858a-60f991f086f1,33.06,2024-03-29,交通,出租车,true,现金
b710d018-230e-4df5-a817-8da3b1dad64e,27.91,2024-03-30,购物,网购,true,现金
21b40cfd-46cc-4e22-b5a9-b65c624fe069,119.54,2024-03-30,交通,出租车,true,微信
0b289c59-75fa-4139-9b66-bdac5dc6421d,93.38,2024-03-31,医疗,药品,true,支付宝
57a9927c-478c-4189-aac2-b077eb1bfba6,92.76,2024-03-31,购物,网购,true,信用卡
c744c3e3-70c9-45a8-8529-e1e3f9f6c4cb,352.23,2024-04-01,购物,网购,true,信用卡
28b5f9c0-e118-482d-a8d8-35d1255baecf,267.95,2024-04-01,购物,网购,true,信用卡
f7890a66-ca96-44bf-b1f0-aeefabb4c68b,42.78,2024-04-01,交通,出租车,true,现金
29b7da74-89a0-4615-8e48-0baa4644f060,243.15,2024-04-02,购物,网购,true,微信
6879a443-5eac-4ce4-ba0f-529bed60db4f,42.13,2024-04-02,购物,网购,true,信用卡
08cb457a-b2e1-4542-9ec0-8b408d6f770b,279.39,2024-04-03,餐饮,早餐,true,支付宝
5b85da2b-7231-43cf-84c6-9685bdc98728,137.10,2024-04-03,餐饮,早餐,true,现金
16cd009c-9e07-44f6-b869-0e397efc9caf,9199.79,2024-04-04,收入,工资,false,现金
b0a3c029-5dac-4c87-a7bd-c48ac19b8f18,83.45,2024-04-04,娱乐,电影,true,现金
9eda3653-7435-4ea6-8261-5294f93a7ffc,142.27,2024-04-05,娱乐,电影,true,支付宝
659c4ebc-99c6-4dec-a6eb-60d7be97b3eb,118.42,2024-04-05,餐饮,早餐,true,微信
6311aa60-30c1-4ad9-af6f-73b0fed4337f,117.26,2024-04-06,餐饮,早餐,true,现金
3877311a-3d97-4220-af76-41cfce5cf594,18.13,2024-04-06,餐饮,早餐,true,支付宝
d92da515-d0c3-48bd-987e-1394f7ea0a85,178.22,2024-04-06,交通,出租车,true,支付宝
385eac76-b82d-476e-9781-40970f152187,108.95,2024-04-07,购物,网购,true,信用卡
3f388940-1ebe-48ba-974f-824c69f05666,126.77,2024-04-07,住房,房租,true,现金
a89bf205-6301-491c-b748-ba8cc8226918,47.17,2024-04-08,交通,出租车,true,微信
b2bab9b9-eb82-4f06-8791-73289d55d601,183.09,2024-04-08,住房,房租,true,微信
b9d7e7e8-063d-4013-a78a-0a24306d6ec0,135.56,2024-04-09,住房,房租,true,微信
814ada77-9d86-456b-96a9-dab3da92ab9b,64.87,2024-04-09,餐饮,早餐,true,现金
d11365b3-46c3-4c32-91d7-d282e6fb45df,97.06,2024-04-10,餐饮,早餐,true,微信
bf23d7f6-d4d4-4e3f-8616-7269f4c71e05,41.43,2024-04-10,住房,房租,true,支付宝
11922f7f-db81-412e-9c10-c88ba11065e8,163.45,2024-04-11,购物,网购,true,现金
6bcedde8-d7a8-4426-be5f-7904b59a664c,74.20,2024-04-11,住房,房租,true,支付宝
9889a5d6-201e-4982-8948-03b1dd8bb192,56.48,2024-04-12,住房,房租,true,银行转账
2a3d4f55-2769-4815-9259-c4dd1b3cb45c,99.23,2024-04-12,交通,出租车,true,微信
bdf1a4ba-f79e-4f88-8178-0a36ad6b3207,231.31,2024-04-12,交通,出租车,true,微信
b4a578f7-cf41-4800-924c-1b20e53b0cdf,6635.31,2024-04-13,收入,工资,false,现金
0b368de8-2a98-40b2-9755-8be7acf5b10e,80.26,2024-04-13,餐饮,早餐,true,现金
f4a07c7a-3080-4fd5-b899-9de008054e69,20.52,2024-04-14,医疗,药品,true,微信
10003c1a-bad4-4aba-8466-1491dfe9768b,39.86,2024-04-14,餐饮,早餐,true,现金
0fb27e2b-098e-462b-bdab-5d99f14bcfda,117.80,2024-04-15,购物,网购,true,微信
33ba5d10-d32b-4d62-a01c-90ae8e94037c,86.89,2024-04-15,交通,出租车,true,现金
28faebf3-e05f-4b29-940d-0cd5b57cee19,7778.14,2024-04-16,收入,工资,false,现金
62dc43c8-f07e-417e-99d7-d1a0a2ab1da9,163.58,2024-04-16,餐饮,早餐,true,支付宝
5901e0fc-52e1-42a8-a185-3fd86da693b1,23.71,2024-04-17,餐饮,早餐,true,微信
8c6c293a-a997-4ee0-99da-52abfeb0389f,42.81,2024-04-17,住房,房租,true,微信
7a51c524-4fb1-4d36-8ade-9c0dcbd09fd1,23.86,2024-04-17,住房,房租,true,现金
7de8530c-88e2-4387-abc0-59493ee2124b,11662.92,2024-04-18,收入,工资,false,现金
b96c7c4d-9203-414d-a7ec-24845f3f692a,10358.88,2024-04-18,收入,工资,false,现金
ca4a5e57-0074-4835-b9b2-5ae545b58879,56.57,2024-04-19,餐饮,早餐,true,支付宝
c80f927d-f910-44ee-bddc-bcf3be8cc957,98.26,2024-04-19,购物,网购,true,支付宝
4dcb9e3f-0094-436e-82c9-c4cae6d63707,55.81,2024-04-20,购物,网购,true,支付宝
be671e74-8802-4d1b-a108-b5d638d0d9ce,47.73,2024-04-20,餐饮,早餐,true,支付宝
2980c0fd-f4bd-492b-a450-15e0562fede8,42.48,2024-04-21,住房,房租,true,支付宝
b7b3dba1-1dbc-47fc-aae0-e99b53c2efb9,184.99,2024-04-21,住房,房租,true,支付宝
d507f258-b6e5-483d-a61f-ec1943fcb8ae,87.77,2024-04-22,交通,出租车,true,微信
ab24644d-c71f-45b8-8bf9-26ac04e47717,99.33,2024-04-22,住房,房租,true,支付宝
40cec29d-91e1-4358-be44-fa6ecd5988d6,146.62,2024-04-22,购物,网购,true,信用卡
03c2b1dd-d833-43f9-9bf0-48f0847f1e2e,67.47,2024-04-23,交通,出租车,true,微信
0cadc32c-65ae-4c25-8879-9dded0d7db07,122.84,2024-04-23,交通,出租车,true,微信
286aca9b-d0ee-4788-a514-0ea211ce9c18,178.84,2024-04-24,交通,出租车,true,现金
2336313f-79d4-40d8-8bdd-3513215f8c9f,20.63,2024-04-24,餐饮,早餐,true,微信
02483aa1-c274-4bfa-ab29-d69c0959d0bb,34.53,2024-04-25,交通,出租车,true,微信
4dde7606-d038-4dd6-877c-3a188eeafa68,120.29,2024-04-25,餐饮,早餐,true,支付宝
37f2f073-e09f-4fe0-93d1-a421b49ac8f7,52.46,2024-04-26,交通,出租车,true,现金
d8b19bdf-6f95-4c64-8258-a26a2dddadf8,5604.24,2024-04-26,收入,工资,false,现金
c06fe8cb-3feb-44d6-bebc-2270149a1955,151.25,2024-04-27,购物,网购,true,信用卡
4c6d8bf7-7869-4b4e-9159-8d15081659c7,49.36,2024-04-27,交通,出租车,true,现金
14d5c879-f414-4567-ad15-3e6c4ec94eb5,111.93,2024-04-27,住房,房租,true,现金
d3aad571-3bca-4985-9d94-13163a2a853d,6430.98,2024-04-28,收入,工资,false,现金
d02efeb6-3038-4c27-96a9-50f9e29057a0,38.80,2024-04-28,交通,出租车,true,支付宝
e0fc2b02-a95f-4a00-88fb-235d6f45fd1e,69.54,2024-04-29,住房,房租,true,微信
c6070c11-6b2c-4bdc-a156-426001c81ed5,171.70,2024-04-29,购物,网购,true,现金
c77fb76e-0dd0-41f4-bb78-4283e6f1f187,133.05,2024-04-30,购物,网购,true,现金
0a080cad-a085-481d-9fab-36b396c2fd4b,98.79,2024-04-30,交通,出租车,true,微信
3a65ca34-4435-486b-bac3-d1a5643b88b2,150.14,2024-05-01,娱乐,电影,true,支付宝
b70f7282-eab7-498f-ab89-243d0d36dab9,146.14,2024-05-01,交通,出租车,true,支付宝
046680fa-c895-476c-bda9-ae905abf1f1b,93.06,2024-05-02,购物,网购,true,信用卡
5c657296-fc0d-4d27-823f-ac1de7438eea,37.33,2024-05-02,住房,房租,true,现金
ff1e4e0c-ce59-4f87-81a4-29c6702808f3,131.73,2024-05-03,住房,房租,true,现金
af0a69e3-0fb9-4548-ad01-67558aa967f3,74.11,2024-05-03,购物,网购,true,信用卡
f28beb60-78b5-415a-ad7d-224a383898cc,59.70,2024-05-03,购物,网购,true,微信
99f7ac89-9e1f-440e-ad71-6cec245a8615,3.95,2024-05-04,购物,网购,true,微信
aaf12e2f-504e-4980-98dc-37efe6085aac,41.75,2024-05-04,医疗,药品,true,现金
e33eeedb-25d3-407f-b743-b13623feaf04,89.05,2024-05-05,餐饮,早餐,true,现金
8e6ca33c-c87f-422e-93a8-b65b061953f0,73.68,2024-05-05,餐饮,早餐,true,微信
f26ad401-31d4-4b98-921c-ede178cc70dd,108.86,2024-05-06,购物,网购,true,微信
81518bd8-8895-4a8b-918e-cdd763a77f12,17.29,2024-05-06,住房,房租,true,支付宝
7768a854-8abd-48d8-9eeb-ff92264345bd,84.37,2024-05-07,餐饮,早餐,true,现金
3896deae-51f8-4bc6-8da4-e5bf1e3d4f36,249.06,2024-05-07,购物,网购,true,支付宝
0135f746-4210-4b4f-a36a-079f5bd64e71,81.26,2024-05-08,住房,房租,true,支付宝
aae107ee-0be9-4260-9e43-a065837949ac,240.62,2024-05-08,住房,房租,true,现金
518c48df-43c4-44bc-ac21-1ed400e926fd,80.85,2024-05-08,交通,出租车,true,微信
a3dde045-b18c-4d5a-9e69-78e9b5f29379,202.09,2024-05-09,交通,出租车,true,微信
56a02d27-2b04-4f6c-ac04-c19261dd3c74,290.47,2024-05-09,医疗,药品,true,医保卡
f2eeccdd-03b5-4613-9d5f-d222eaa4ae21,142.82,2024-05-10,餐饮,早餐,true,微信
1666f2e8-f486-4257-8a6b-a366f12c0072,97.83,2024-05-10,住房,房租,true,银行转账
d57beb1b-4090-4be9-a161-0960a0139430,50.17,2024-05-11,住房,房租,true,微信
be398821-f64f-415f-befa-808b99c844fe,198.78,2024-05-11,住房,房租,true,支付宝
80e1583a-0fd0-405c-8d2a-3bdc2f9d4e6a,113.40,2024-05-12,餐饮,早餐,true,现金
2d99aeb9-0133-4362-9cd6-3995026ac0e2,60.65,2024-05-12,餐饮,早餐,true,微信
0d311494-f0bd-4de2-8372-2141bc8bdb68,5975.79,2024-05-13,收入,工资,false,现金
9c06d737-17d1-4658-9058-f1a3a397998f,15.65,2024-05-13,娱乐,电影,true,现金
485f72f9-d1bc-4242-8f0c-1a5a47dcfd31,67.67,2024-05-13,交通,出租车,true,现金
c8598e15-d7c0-43fd-ac09-064772f075d6,19.09,2024-05-14,餐饮,早餐,true,现金
caf6cf5b-8116-4ec6-9ae9-94bdf0a77a42,88.50,2024-05-14,餐饮,早餐,true,微信
8b5a7e92-0fc5-4459-b8f2-3e8ecb4550d0,19.54,2024-05-15,娱乐,电影,true,现金
0ab48b56-9d57-43b1-a6d0-36b9c5cca1c4,42.34,2024-05-15,餐饮,早餐,true,微信
1c567310-3d88-4711-abbb-6e1209bb1f67,9348.56,2024-05-16,收入,工资,false,现金
c26183ba-35ea-47e6-ac6f-fdf9bc4b681d,208.94,2024-05-16,购物,网购,true,支付宝
a4388c73-a5c1-4334-8139-78b6e3e3aced,2.56,2024-05-17,餐饮,早餐,true,现金
9e981653-6fbb-47be-9e61-0dd3a26765b2,149.52,2024-05-17,交通,出租车,true,支付宝
56e2029c-1fc7-446f-9ea9-462ec63fb6db,23.69,2024-05-18,交通,出租车,true,现金
a206289f-cc8f-4ec4-b208-c905702fc2ca,89.87,2024-05-18,餐饮,早餐,true,现金
f2a4136a-b3e8-4ee2-9022-d6a0be03e789,75.20,2024-05-19,住房,房租,true,银行转账
92a52729-310e-4aa0-80db-890b3dfc1cc4,47.70,2024-05-19,购物,网购,true,现金
8e24b7b6-1beb-4347-a979-11085e7002ca,36.29,2024-05-19,住房,房租,true,银行转账
aa1ec32b-69ce-4098-8c6b-64172b99a726,98.88,2024-05-20,住房,房租,true,现金
29c25d6a-937c-42ac-9631-d3a2d03be44b,141.54,2024-05-20,餐饮,早餐,true,支付宝
3c048931-74f6-4ac8-9e20-30d33a77a7ed,94.54,2024-05-21,餐饮,早餐,true,支付宝
af781d84-abff-462d-8f2a-0b82fdef6f96,6048.04,2024-05-21,收入,工资,false,现金
dd4ff397-c92e-430c-b4ec-8234fbaf915d,23.09,2024-05-22,购物,网购,true,支付宝
3dd41af5-88a2-45cf-abef-86c5b8f73ffc,141.11,2024-05-22,购物,网购,true,现金
4ab9e473-91b4-4238-b4a2-f58bc547484a,82.80,2024-05-23,购物,网购,true,微信
bf139c6f-3c33-4a67-949d-3752fa19c11d,205.46,2024-05-23,住房,房租,true,现金
e6c9b654-3071-4e1d-8ecb-b5d15be17cfe,237.81,2024-05-24,娱乐,电影,true,微信
1ff68d73-5521-4cbd-a5be-115731d733a5,231.37,2024-05-24,交通,出租车,true,支付宝
979cfa3e-a263-42ce-901a-0ed0b5993fd5,20.80,2024-05-24,餐饮,早餐,true,微信
41c9200b-6274-4e84-aa21-69ed2c9f30b5,126.75,2024-05-25,购物,网购,true,信用卡
d76dcb8d-472d-4ae3-b366-72d8e9b7827b,129.03,2024-05-25,餐饮,早餐,true,微信
d037902e-4973-4758-974a-037a8f519c40,18.71,2024-05-26,购物,网购,true,微信
66f9f894-7e7c-4269-8a7c-7f20880b5567,143.39,2024-05-26,交通,出租车,true,现金
591bd4fe-4410-423b-8cc9-2a1241fce4d2,235.31,2024-05-27,餐饮,早餐,true,现金
13a540b0-e2a4-44f6-878e-074a86d34d3b,98.18,2024-05-27,住房,房租,true,银行转账
b53d3a23-378b-4687-9281-94948ca1e0c7,282.61,2024-05-28,住房,房租,true,支付宝
4e4ff988-8cbf-4e59-be45-1e39442970ed,148.12,2024-05-28,餐饮,早餐,true,现金
b7f77575-cad7-4d7c-95bb-8ce60a4f4dd8,92.28,2024-05-29,娱乐,电影,true,支付宝
0ad50f27-4744-418e-a49c-69b9182f7627,205.16,2024-05-29,餐饮,早餐,true,微信
cf9879e8-9826-4fb3-b6b3-7618d1b42161,2.24,2024-05-29,购物,网购,true,现金
3c8991f5-5ae9-4e4c-8e09-6266175d41f1,48.00,2024-05-30,购物,网购,true,支付宝
29e49d1b-0759-468a-a9ef-0f212b3242b8,170.47,2024-05-30,交通,出租车,true,支付宝
6a274954-6c42-4c55-a964-8a43d29bddeb,7124.67,2024-05-31,收入,工资,false,现金
9b113850-6660-46ae-a51f-d5ba146c7cdc,27.82,2024-05-31,餐饮,早餐,true,支付宝
6b3f2696-0d3f-47f3-b6a7-9d5e20f777e7,388.63,2024-06-01,餐饮,早餐,true,支付宝
9e301d31-f776-4906-93ff-d304ce949159,48.01,2024-06-01,交通,出租车,true,支付宝
67ef814b-96ff-4d46-bdea-379ae022c990,4277.30,2024-06-02,收入,工资,false,现金
cbdbcfe3-4236-47f3-89a1-7296a2747202,65.44,2024-06-02,住房,房租,true,微信
0fc9693a-9c77-47ae-bc04-7e4483834aad,228.83,2024-06-03,交通,出租车,true,微信
c45f4b30-85cc-4190-b813-16835dad506b,34.07,2024-06-03,餐饮,早餐,true,支付宝
c9372aaa-792a-44cc-b6fb-975f826dff39,94.55,2024-06-03,餐饮,早餐,true,支付宝
1976682e-65ef-4339-a1d9-a9390036983e,119.33,2024-06-04,餐饮,早餐,true,支付宝
7d420af2-9548-430c-bba7-731e807fac8d,212.77,2024-06-04,交通,出租车,true,现金
24b53315-0cb2-4d14-a538-fbfeeef9b375,51.65,2024-06-05,餐饮,早餐,true,支付宝
f5edc2ed-f023-414a-8264-93c854276b5b,19.32,2024-06-05,交通,出租车,true,微信
f9f8d807-0510-4af5-be2f-e7d299d95959,45.13,2024-06-06,餐饮,早餐,true,微信
3bf03f0f-22f6-4ed4-89e2-a71376ea7606,69.04,2024-06-06,餐饮,早餐,true,微信
33234380-3924-41a2-b8c9-e56cec27da78,90.10,2024-06-07,医疗,药品,true,医保卡
4ea574f2-3e3d-4411-bf8a-3c54380461a7,270.99,2024-06-07,娱乐,电影,true,微信
05b8998c-b190-47e5-b1cd-ed23b8cdeb3b,148.31,2024-06-08,购物,网购,true,微信
4ff0f308-48c1-4675-84e0-b621291fb392,28.36,2024-06-08,餐饮,早餐,true,现金
d24e50ba-afd4-4e9c-a711-b0603564113a,44.01,2024-06-09,餐饮,早餐,true,支付宝
36997f25-09f2-404e-85aa-546a017d9fd3,99.05,2024-06-09,娱乐,电影,true,支付宝
66844d3a-8c8a-48b1-af7e-595688354b62,73.87,2024-06-09,餐饮,早餐,true,支付宝
87fbbd2c-d8a2-462e-8fc7-bd850b227c71,66.36,2024-06-10,购物,网购,true,现金
b9ba79a6-9b89-4ae9-bca9-bd0c0436db20,38.38,2024-06-10,餐饮,早餐,true,支付宝
d8a23809-d82e-445a-83e8-7baa218ac0df,95.19,2024-06-11,购物,网购,true,信用卡
8793ea3b-746c-41cf-95f8-de6487519933,112.58,2024-06-11,餐饮,早餐,true,支付宝
51d9c860-8609-497f-8fea-2154d0a4b957,109.35,2024-06-12,餐饮,早餐,true,微信
7932c062-cdc2-48cc-a59b-e2994aeaa1fe,53.79,2024-06-12,交通,出租车,true,现金
e7117ab8-e5b4-47a2-bbc1-4fa784991246,26.49,2024-06-13,餐饮,早餐,true,现金
f751677c-6b2c-4d6c-8c5e-66bb47d00c0d,72.38,2024-06-13,餐饮,早餐,true,现金
fa0f722c-07ee-488a-9880-f4629a1fee3c,11.93,2024-06-14,医疗,药品,true,现金
e692c864-d5eb-4d30-8835-aaf2c648854a,51.85,2024-06-14,餐饮,早餐,true,支付宝
5d875cb5-7c19-4ebc-9789-48d5a5d4c247,107.47,2024-06-14,交通,出租车,true,现金
8a124969-0616-4b4e-9115-264b88e3db2a,116.43,2024-06-15,餐饮,早餐,true,支付宝
bf936491-18c0-4ac9-a2f9-2e3d6e8a56f7,32.94,2024-06-15,住房,房租,true,银行转账
a4f52a81-d0bd-4fbf-a71f-eaffeef28bdb,80.16,2024-06-16,餐饮,早餐,true,微信
4630ac1a-6ca0-4663-9950-a80e66562553,285.09,2024-06-16,交通,出租车,true,微信
7096b6b3-d7d9-45ca-a091-6289757641f9,60.87,2024-06-17,医疗,药品,true,支付宝
1837ecaa-59ed-477f-b6a8-ac02569e3b00,94.29,2024-06-17,餐饮,早餐,true,微信
a6a4dc81-a0fe-4e5f-af24-e0fa1f018247,37.25,2024-06-18,餐饮,早餐,true,微信
a44bfe04-2caa-42b9-9334-525ce0452edb,33.96,2024-06-18,交通,出租车,true,支付宝
35ea4a56-6c28-4ed2-8e7d-dff9bf45beba,66.47,2024-06-19,餐饮,早餐,true,微信
c85a50f4-1906-427d-af43-d224535ea3f1,263.55,2024-06-19,餐饮,早餐,true,支付宝
3852da07-bdbb-4c0f-8f71-6b5d3a363f9a,108.64,2024-06-19,购物,网购,true,信用卡
a5de0fb9-f58b-48aa-b51f-45de7b2430b7,76.99,2024-06-20,购物,网购,true,支付宝
37ef41ec-4c64-48f6-850a-2e54ef51197d,222.32,2024-06-20,住房,房租,true,微信
8c4fc469-7a78-4672-8387-6c42ae807f13,62.54,2024-06-21,购物,网购,true,现金
efeb60c9-5744-4841-847c-2ccad277494c,9.03,2024-06-21,餐饮,早餐,true,现金
37f473f2-90fb-48fd-a05a-794f2e377389,85.81,2024-06-22,医疗,药品,true,微信
bcfc3dd8-957d-47b0-8e11-b8d54f69fffe,91.32,2024-06-22,餐饮,早餐,true,微信
c68e335c-3f78-4710-bec3-c388e7ffd9fd,55.87,2024-06-23,住房,房租,true,支付宝
afa4306b-958c-4e10-86ce-c07d16f3686f,231.82,2024-06-23,餐饮,早餐,true,支付宝
069ed577-080f-4489-9e8e-657b8ea16135,16.12,2024-06-24,交通,出租车,true,现金
af2254c5-a2d0-449c-8daf-4009e9ee21bb,51.56,2024-06-24,购物,网购,true,支付宝
56b82374-9408-4e94-93dd-ba2d4323cb88,52.62,2024-06-25,娱乐,电影,true,微信
0d8a1251-5493-4820-b5a3-3c279a9e1a18,47.06,2024-06-25,交通,出租车,true,现金
c4359ecb-1168-4a67-8cc0-2dcb30288748,46.44,2024-06-25,购物,网购,true,微信
eb5f65cd-8dc4-49ce-b767-7d600e752ddc,102.41,2024-06-26,娱乐,电影,true,微信
68d0075d-e38a-40a0-becd-6f96e440ed0b,74.00,2024-06-26,餐饮,早餐,true,支付宝
59b1fb14-fea7-437d-a609-96cc2b9cfc2c,165.53,2024-06-27,餐饮,早餐,true,微信
b13fab98-c83e-4e09-aec0-6b2098e6df90,210.85,2024-06-27,交通,出租车,true,微信
88becccb-22d3-434b-89ef-e73d86f24c21,16.72,2024-06-28,住房,房租,true,现金
29778e85-0514-4cce-9f37-afd23b5dfbce,86.50,2024-06-28,餐饮,早餐,true,微信
e8cfa667-845a-476b-b689-23ab9cd2851d,46.36,2024-06-29,交通,出租车,true,微信
17a94a9f-7c65-4e0d-b46d-a0f481e2e160,92.66,2024-06-29,餐饮,早餐,true,支付宝
12ebf00b-34d2-4e82-82d3-8061d0c9b34a,116.09,2024-06-30,购物,网购,true,信用卡
8eba4663-1f9d-4d88-bc30-0e18468e00db,102.49,2024-06-30,餐饮,早餐,true,现金
bcf27af4-e059-4605-a8eb-97f96f8f41d6,47.99,2024-06-30,购物,网购,true,现金
a63d8578-ce29-4513-8671-b7fedd49d9bf,162.23,2024-07-01,交通,出租车,true,现金
c1c244a3-066f-468e-a752-08829d808f1f,104.81,2024-07-01,购物,网购,true,现金
a8de5c55-a815-49ff-876b-dab024c31c8a,42.79,2024-07-02,交通,出租车,true,支付宝
7bc03621-cf2d-4e5a-bfad-15dc5392f68a,103.98,2024-07-02,娱乐,电影,true,微信
8e70f687-06db-4029-bb10-b718816f548c,104.42,2024-07-03,餐饮,早餐,true,支付宝
6130de2d-3d5f-4c0a-8ece-486e35708186,42.22,2024-07-03,娱乐,电影,true,微信
32df9e25-bf3f-4532-ab53-17f1e4472ab8,72.65,2024-07-04,餐饮,早餐,true,支付宝
55e86123-3a8b-4776-864b-865d97b04d5e,84.34,2024-07-04,购物,网购,true,微信
72652558-67de-4450-93fb-a48452c58636,240.61,2024-07-05,交通,出租车,true,现金
94fc50e6-3792-414a-a5ed-499c00c968b8,166.99,2024-07-05,医疗,药品,true,微信
96da3b6f-3b09-4ffd-8c47-3027cd30d663,89.25,2024-07-05,餐饮,早餐,true,现金
14c51b7f-aae2-49de-ad7d-3a71caf3a6de,27.97,2024-07-06,购物,网购,true,现金
6b5aaba6-36c5-4bb2-af24-230d9566dea5,157.61,2024-07-06,住房,房租,true,银行转账
8bdf21c4-4407-4c98-9f6a-6688c046547d,73.44,2024-07-07,餐饮,早餐,true,支付宝
12085664-ffab-4aec-a3d4-5d74f88ec7e2,297.94,2024-07-07,购物,网购,true,现金
25fa17cc-46df-4b6f-b1ec-ccc649f7f0e6,102.60,2024-07-08,餐饮,早餐,true,微信
afc009d5-7530-4e2a-ba9c-79b850cf462d,31.98,2024-07-08,住房,房租,true,现金
94b74a40-7cfe-42aa-a793-af00bdc19050,87.48,2024-07-09,餐饮,早餐,true,支付宝
ea35f00d-6a1b-4de7-a526-ae38752f0f1a,91.68,2024-07-09,购物,网购,true,支付宝
065bf70f-791f-4019-8fa2-ef35a4a7a9a5,58.57,2024-07-10,住房,房租,true,微信
24cb4950-288a-45b9-a27d-769fbc4f3a3e,26.07,2024-07-10,娱乐,电影,true,现金
68165be6-b298-489d-b6f4-fb16b5a8ebaf,46.13,2024-07-10,购物,网购,true,信用卡
c68f8e2f-cd7b-4669-b2d9-2b53e32cb8cf,57.67,2024-07-11,交通,出租车,true,现金
ff46bd99-335f-42f8-ada2-3cfe0332d954,50.94,2024-07-11,餐饮,早餐,true,现金
80958cb7-3b47-4bf5-819b-768874228887,217.50,2024-07-12,餐饮,早餐,true,现金
167caa6d-913d-4ab2-bdee-d1be4762a1aa,15.02,2024-07-12,购物,网购,true,现金
2595c395-5766-47a4-8251-d735922a2090,170.38,2024-07-13,餐饮,早餐,true,现金
fe58ec15-d812-44ea-8ed1-6d531e7819c0,54.08,2024-07-13,餐饮,早餐,true,现金
d19b7d6b-bcf4-48f3-8c8f-36d65a6147bc,183.09,2024-07-14,交通,出租车,true,支付宝
d3e0f3ca-5fb1-41f3-bd53-1e6b95ecf5bc,17.95,2024-07-14,餐饮,早餐,true,现金
056bdf30-9ee4-4793-9e4a-9a5ec58a92f7,27.10,2024-07-15,交通,出租车,true,现金
98de3e24-f9cb-4537-aa79-b2dd584d5b11,89.71,2024-07-15,交通,出租车,true,微信
9dafc030-5769-4a97-91f6-c6a7bf9d72b7,46.66,2024-07-16,餐饮,早餐,true,现金
9638c975-4567-4147-9414-4546397ed5db,175.49,2024-07-16,交通,出租车,true,现金
01247cdf-85a0-47c0-b9a5-95cdc59fb80a,129.16,2024-07-16,餐饮,早餐,true,微信
7f71206d-67a2-43bd-b7e7-6f1b89165c04,43.73,2024-07-17,购物,网购,true,微信
14fe4799-17d1-4443-be2c-b0801ebe343f,98.74,2024-07-17,住房,房租,true,微信
f3815837-fc90-4da5-bfd0-8c23efb505a4,18.30,2024-07-18,交通,出租车,true,现金
3870ad17-4a3e-47ef-af82-d0ef3b72c4e5,27.68,2024-07-18,餐饮,早餐,true,现金
c4fc3750-af85-4bf9-a1ce-6cb8cdd18a55,246.91,2024-07-19,住房,房租,true,现金
18998cef-cf7d-4e1a-af95-89bf91a747fe,274.99,2024-07-19,购物,网购,true,支付宝
dc56ae44-71f0-430d-8e84-0524ce9d91f2,126.50,2024-07-20,餐饮,早餐,true,支付宝
5f2f6e31-cba2-49b4-87c5-82da5575bbe4,53.96,2024-07-20,餐饮,早餐,true,支付宝
b549e868-f972-433a-b73d-e917cfe5a98b,365.18,2024-07-21,餐饮,早餐,true,现金
aea7f29c-57cc-4163-9195-effc77471cb6,65.42,2024-07-21,住房,房租,true,银行转账
74e0d8cb-67c6-4314-bcd1-2c6c9820301c,76.55,2024-07-21,购物,网购,true,微信
dce9804a-2180-47e7-92f7-19c156bb9bfa,78.97,2024-07-22,娱乐,电影,true,现金
fbccabe7-bc00-49c8-90ea-c8a675e560d7,70.30,2024-07-22,购物,网购,true,支付宝
30c828b3-e319-4b6e-bb8a-b7e3af5aa773,51.99,2024-07-23,购物,网购,true,现金
093eea29-d557-427a-92cc-4136edb7c897,59.52,2024-07-23,餐饮,早餐,true,微信
11287b2a-eaa5-4ee9-910e-9a6ffa3ba3be,119.92,2024-07-24,交通,出租车,true,现金
0fc4b2ef-ab43-48da-b257-876cc798fffc,335.56,2024-07-24,餐饮,早餐,true,支付宝
5eadbcf0-9b4c-46d7-b7d7-3aaaf288c4df,51.38,2024-07-25,住房,房租,true,支付宝
aa8df49f-8e0d-4a28-a938-6e7b77083455,159.45,2024-07-25,餐饮,早餐,true,支付宝
e1751829-ce56-4407-a3e1-9857b76978b0,55.35,2024-07-26,餐饮,早餐,true,现金
6ea8a5e2-af3f-4938-bcc5-e5cc2173a181,81.58,2024-07-26,住房,房租,true,银行转账
22d9826d-28b0-4c4e-9d1e-c149291b6d5d,36.44,2024-07-26,交通,出租车,true,微信
c036bc06-55c2-4f66-928c-6fd6b6227a85,47.18,2024-07-27,住房,房租,true,银行转账
6f735bba-729f-4708-99bd-d566b458c475,170.10,2024-07-27,住房,房租,true,银行转账
8e2d5ac3-1a6a-43b1-a822-16590780e368,141.00,2024-07-28,购物,网购,true,信用卡
c581c48d-b772-4d3e-b5c0-f61f143d375e,104.18,2024-07-28,娱乐,电影,true,微信
2ea83f60-e7e5-4e4f-a45a-712d0ca7245c,175.68,2024-07-29,餐饮,早餐,true,微信
0dbb492c-817b-43c3-9e41-26dbc27bc83d,126.26,2024-07-29,交通,出租车,true,现金
eed39ff6-b69a-4c09-af6f-8f3c4f9f0c9e,49.79,2024-07-30,娱乐,电影,true,支付宝
2c5ce6c7-85a0-4fec-843c-887e7ac433ee,186.67,2024-07-30,餐饮,早餐,true,微信
e2b3257c-da52-404f-8b92-856b85161fe6,21.13,2024-07-31,住房,房租,true,银行转账
a7e896bd-89bb-4a25-8531-51afee004cd1,222.66,2024-07-31,住房,房租,true,现金
04b42737-4eae-4261-bb66-932a852b1f9f,10911.24,2024-08-01,收入,工资,false,现金
b44ccd8c-7b9f-43ea-9f0a-08411e4d75a6,261.79,2024-08-01,住房,房租,true,支付宝
0af8c61e-7e79-4920-b568-f8f8e2dd098b,50.53,2024-08-01,娱乐,电影,true,支付宝
d54a6892-ceae-47cd-8852-3a946ee1122f,24.97,2024-08-02,娱乐,电影,true,现金
e75d3f5a-aa5b-4a71-92fa-4e1479402de2,152.13,2024-08-02,购物,网购,true,信用卡
56be9b1d-4892-4023-aecb-28f219bc8890,51.08,2024-08-03,餐饮,早餐,true,支付宝
4eb2a004-9620-4280-91ec-807cb31f478f,133.86,2024-08-03,住房,房租,true,微信
f585852a-2249-483f-bbc6-b562af166a35,184.35,2024-08-04,餐饮,早餐,true,微信
da81c57a-d544-495d-9360-c0f1953e50e3,85.32,2024-08-04,住房,房租,true,支付宝
848fc1cc-7332-49b9-a5d9-d890516bfd4d,19.36,2024-08-05,购物,网购,true,现金
604b0527-4130-4c52-9fef-963312c24aca,197.39,2024-08-05,娱乐,电影,true,支付宝
8abad68b-d03e-4fda-aba2-55ffd3c50253,9346.36,2024-08-06,收入,工资,false,现金
c3e0bb73-58bf-49b5-b397-a9c5dc699ec1,197.19,2024-08-06,住房,房租,true,微信
b2a02ec6-639f-4f94-9e1f-0d1d1af57aa1,58.91,2024-08-06,购物,网购,true,信用卡
d18a4619-0f5b-486b-99a8-6390dff13870,20.41,2024-08-07,购物,网购,true,微信
c8fcebb9-7bff-43d0-acc2-4690cf7868ef,30.38,2024-08-07,交通,出租车,true,支付宝
f091f541-b39c-444c-9c38-407f3ac71d14,245.76,2024-08-08,交通,出租车,true,微信
d1cdf9bb-9ee5-410b-ba41-b682d4fd2f2a,43.65,2024-08-08,交通,出租车,true,支付宝
2b1b474c-6b9c-4d91-b22e-2e37d8bc312e,140.28,2024-08-09,餐饮,早餐,true,支付宝
c9e1ad3f-7c71-4f1f-a368-bd56f8e4116c,34.25,2024-08-09,餐饮,早餐,true,现金
ebe704c8-61be-48ad-87a2-b5b40e77da7a,178.11,2024-08-10,餐饮,早餐,true,现金
58a704b9-103a-4352-95f5-8b5aebea1d52,48.06,2024-08-10,餐饮,早餐,true,支付宝
adaf1089-5c9a-4fde-b827-0a26a297d485,129.90,2024-08-11,餐饮,早餐,true,微信
23eb7093-5b38-4150-87af-1b1be9c4b63e,137.02,2024-08-11,购物,网购,true,现金
6d050bd5-d93e-4cd6-ae81-4e4f13813e75,187.12,2024-08-11,住房,房租,true,银行转账
0c1bcf16-a315-4f63-8148-b4dc545351bc,10.40,2024-08-12,交通,出租车,true,支付宝
f5c6beee-b34f-469a-9173-2010b9cda261,94.82,2024-08-12,餐饮,早餐,true,现金
e6eb4f45-6200-406d-8853-2603a48d940b,41.65,2024-08-13,交通,出租车,true,支付宝
68118bba-4b8c-4c2f-8e35-5c2da063e271,243.14,2024-08-13,交通,出租车,true,微信
7bee18fa-2ba5-4d8e-b766-2ca879fbbc25,57.17,2024-08-14,购物,网购,true,支付宝
bc2b9480-5056-46ac-acff-d4f0baa2f2d8,108.41,2024-08-14,餐饮,早餐,true,微信
8655c6fe-5de7-445c-afdb-b4667cc49027,69.86,2024-08-15,餐饮,早餐,true,支付宝
d16b6073-462b-4b48-9d8f-e03b1eb7a139,4.36,2024-08-15,餐饮,早餐,true,现金
4007c88e-de8c-40f6-b9c1-905dfaca70bc,154.41,2024-08-16,购物,网购,true,支付宝
a8c59156-40b2-48e7-8ee3-526e39fb73ae,145.84,2024-08-16,餐饮,早餐,true,现金
d7e292d5-f396-4118-a0b8-946bb6139b0e,25.76,2024-08-16,娱乐,电影,true,微信
57844d63-883d-44ec-8852-f073dfa7991a,6785.31,2024-08-17,收入,工资,false,现金
daa92ef1-e2aa-46e4-a402-ecd2e96645c3,238.96,2024-08-17,购物,网购,true,微信
c6f85eec-9e7c-470d-9762-526fea3a33cc,95.25,2024-08-18,住房,房租,true,微信
40bbd6b3-73a0-4601-93a8-819982fd1b4e,61.82,2024-08-18,餐饮,早餐,true,支付宝
b9a63085-65f4-430d-b80c-a6c0e952aa51,239.39,2024-08-19,娱乐,电影,true,现金
e82ac4ce-c66d-421c-9fe6-71a5c5edd602,67.60,2024-08-19,餐饮,早餐,true,支付宝
5b6cf7f4-94d2-428d-a7a0-7ea3e7cb382c,20.50,2024-08-20,住房,房租,true,银行转账
a3817ede-ebd1-4f2f-a2bb-b5b3fb997811,89.62,2024-08-20,娱乐,电影,true,支付宝
315c7848-18c8-4c71-b784-f874fe54598c,67.18,2024-08-21,购物,网购,true,信用卡
3ab123c3-6d4e-4588-961c-ed9736fadc2b,45.96,2024-08-21,交通,出租车,true,支付宝
4a2bbe89-b7a5-4143-a862-0255095ced8c,53.72,2024-08-22,交通,出租车,true,微信
84fded94-3e74-48b0-a0a2-918baf298cb7,54.44,2024-08-22,购物,网购,true,支付宝
dc6b12c0-1fc7-4276-bef4-0ce27e8c9664,110.35,2024-08-22,购物,网购,true,支付宝
bc0c044f-da57-417d-bae0-83daefbe4a87,29.97,2024-08-23,购物,网购,true,信用卡
4570ed72-c3c8-45c1-b77c-157f29a30a02,299.95,2024-08-23,餐饮,早餐,true,现金
7a99828d-8022-4a7d-a4b2-cbecc82420fc,31.67,2024-08-24,医疗,药品,true,微信
494a0441-edfc-4a3d-ad14-8434ca14bf94,27.73,2024-08-24,购物,网购,true,现金
73d1a08e-71b8-42ab-b2f9-985a68313b7f,67.92,2024-08-25,住房,房租,true,现金
a372d724-103d-4039-88e0-68534f5ae21b,94.69,2024-08-25,娱乐,电影,true,微信
79035b50-08fb-4fd9-b57b-e4b644d3e20d,200.60,2024-08-26,住房,房租,true,银行转账
652dc59f-e366-4ce1-9985-164973826c1d,34.04,2024-08-26,住房,房租,true,支付宝
74b340f6-5867-4892-9608-0ddf2cabf738,54.81,2024-08-27,交通,出租车,true,现金
8ec53cb4-ff8e-4d26-b2a3-a018f714312c,282.32,2024-08-27,购物,网购,true,现金
2d6653c1-81b4-400e-b9ed-e5c3ab7ee8a1,16.34,2024-08-27,餐饮,早餐,true,支付宝
1ee3f4bc-34ad-43a5-8b7a-9f585b3222e1,59.98,2024-08-28,购物,网购,true,信用卡
80250d4d-be06-44a9-b39a-b7fe9e0a429d,121.96,2024-08-28,餐饮,早餐,true,现金
5a237da7-5f9c-4ffc-8f2e-4502ddfb7524,107.46,2024-08-29,交通,出租车,true,现金
5d365e72-f427-463e-9b7b-f18566bd11ca,98.36,2024-08-29,娱乐,电影,true,现金
e66f52ac-0c4c-41a5-ba64-3dd6b84d84ef,14.62,2024-08-30,餐饮,早餐,true,现金
fafc9473-20da-4375-8914-da957258a10e,5.83,2024-08-30,餐饮,早餐,true,支付宝
de15940a-6785-4836-96fc-17c9f0aa7b04,58.28,2024-08-31,餐饮,早餐,true,现金
96cd80b4-7d1a-4ac0-9bdf-77f7f85d92d0,141.78,2024-08-31,餐饮,早餐,true,现金
b5ed47cf-a948-4472-9ef7-755465cd0296,42.59,2024-09-01,购物,网购,true,微信
d2f72ddd-edca-42bb-aa4e-fca7104b89fb,304.34,2024-09-01,餐饮,早餐,true,微信
9edc8e15-c0e4-4921-bd0b-83764ef8effe,141.30,2024-09-01,餐饮,早餐,true,支付宝
de3b71ba-bb40-4864-b414-e738e572cf07,38.23,2024-09-02,购物,网购,true,支付宝
701b54b1-74c8-4e2b-bbaa-6f3eb1e197c0,87.94,2024-09-02,餐饮,早餐,true,微信
288a4d43-5d24-46de-98f4-79c5a997197d,183.08,2024-09-03,餐饮,早餐,true,微信
466f386c-cd6a-4d8e-b573-0dace4fa3ed2,96.18,2024-09-03,住房,房租,true,支付宝
9aa6f75f-2347-4437-835a-c2cb68d29100,166.09,2024-09-04,住房,房租,true,银行转账
3dabf058-cac7-4336-81c9-449988bfb07a,189.70,2024-09-04,购物,网购,true,现金
322f981b-1d42-4353-8595-1051522aca72,254.97,2024-09-05,餐饮,早餐,true,现金
0cb5baa8-3f73-4d5a-90cf-16485e712990,219.91,2024-09-05,医疗,药品,true,支付宝
25703382-d00c-4a2a-a185-b1fb70be35a8,129.33,2024-09-06,餐饮,早餐,true,支付宝
0b2679bb-d3ef-4a78-833b-6da5ba34884c,7141.40,2024-09-06,收入,工资,false,现金
28742e3a-f68c-43ac-aef7-7f07915850ec,46.15,2024-09-07,交通,出租车,true,微信
8dfbc20b-19dd-48d7-902b-d1af6d6f7ba9,182.77,2024-09-07,购物,网购,true,信用卡
5b184dc0-cdd7-44d1-ad7a-354f7eb313bf,91.40,2024-09-07,交通,出租车,true,支付宝
778171a1-9823-4830-b81b-1db29c7e25b3,149.15,2024-09-08,餐饮,早餐,true,微信
8c948ec7-4c31-48c7-86e8-d50f8415ed00,51.14,2024-09-08,购物,网购,true,信用卡
04564b25-172c-4312-9b05-5e8967299f1e,60.13,2024-09-09,医疗,药品,true,现金
77ac76b3-97c5-4dfc-9dd6-b87cf4f3da69,47.89,2024-09-09,娱乐,电影,true,微信
6773d45a-2024-4b4a-b6f0-347cab8b5f43,93.04,2024-09-10,住房,房租,true,银行转账
39f3fc4b-bd0f-4432-a75d-6b81d5358f73,49.62,2024-09-10,交通,出租车,true,现金
7b2adf6e-2ae8-4246-9865-13a6bd1a2844,120.94,2024-09-11,住房,房租,true,支付宝
f4909ad6-294a-4e4b-b901-79f98c8b987a,72.93,2024-09-11,购物,网购,true,现金
8866f215-41ba-4236-923c-020c800846fc,110.47,2024-09-12,购物,网购,true,微信
9260ea53-32d8-41b3-aad1-0510de3602fe,131.55,2024-09-12,购物,网购,true,微信
87f83809-4da4-4ef6-9bd9-731732715787,403.30,2024-09-12,餐饮,早餐,true,支付宝
5a16a771-06ee-42e3-9bef-5cd68979af8f,55.75,2024-09-13,交通,出租车,true,支付宝
fe194e2a-ce2c-484b-99c3-ed8eef86f14f,267.50,2024-09-13,购物,网购,true,支付宝
46f89b41-4b65-4514-a398-e6a98d49f361,43.88,2024-09-14,交通,出租车,true,现金
d4a9d3fc-a37c-474c-bd6a-8f1f640dbe9f,12.42,2024-09-14,娱乐,电影,true,现金
90b98807-73de-4ba9-a157-1ab7208ea86b,46.12,2024-09-15,住房,房租,true,银行转账
4d18eb6a-5590-473f-9730-0f8aac38b267,73.76,2024-09-15,购物,网购,true,信用卡
d91be0dc-f670-4e43-b966-b61a2155544b,8861.15,2024-09-16,收入,工资,false,现金
d0d62c70-1216-4084-9cc5-54c0e6c0680f,39.02,2024-09-16,住房,房租,true,银行转账
5e9a971b-ab71-4f09-806e-bea5937d61d1,97.52,2024-09-17,医疗,药品,true,微信
5315233d-63a9-43b7-b07c-5639415ff11b,83.69,2024-09-17,交通,出租车,true,支付宝
75252a8f-b77e-4e39-86f9-8694bf48b9e1,7048.59,2024-09-17,收入,工资,false,现金
07e5ee8f-81d2-49b6-a6b3-119f72c292e2,5803.71,2024-09-18,收入,工资,false,现金
43cf1b11-e225-4ac5-a45f-93df0ad77949,7276.38,2024-09-18,收入,工资,false,现金
b63014bc-60db-4db2-bcb6-0c3cc3d6e74e,125.04,2024-09-19,交通,出租车,true,微信
b76d834b-114f-4899-b5d0-7963362569e9,65.68,2024-09-19,交通,出租车,true,微信
17aeef3f-1012-44f5-acf6-758a14f416dc,82.16,2024-09-20,购物,网购,true,支付宝
710a66ee-ea1a-4b3e-87ba-d99319b5e0d8,111.70,2024-09-20,住房,房租,true,银行转账
b6bb3669-009e-4fa2-a681-7e70577d33b3,295.54,2024-09-21,餐饮,早餐,true,现金
7e184fa3-dd90-48f0-8d93-b09dfbdfe9c1,88.97,2024-09-21,餐饮,早餐,true,现金
5c7038c0-abf1-4af1-976c-7d792268e397,131.07,2024-09-22,住房,房租,true,银行转账
de3fba5e-9e6f-4a4a-8db9-ff9b06fabca7,47.84,2024-09-22,住房,房租,true,银行转账
0a2a382d-2b57-4cad-a6c0-7b6347639557,13288.69,2024-09-22,收入,工资,false,现金
5c0298e1-8b0f-4fb0-9ee2-9b07980d216e,19.10,2024-09-23,医疗,药品,true,支付宝
7fd13b8e-c5be-4d02-8d21-c52bb2e6f45b,104.84,2024-09-23,娱乐,电影,true,微信
6dc17c50-63c0-4d4a-af3a-573cd6402d6b,60.52,2024-09-24,娱乐,电影,true,支付宝
d44a9d8e-67a8-4ce4-af94-08c516b995bc,100.92,2024-09-24,交通,出租车,true,微信
9a6c2e21-10bd-4817-a4a5-553a330ad24c,170.72,2024-09-25,交通,出租车,true,现金
f769a315-848c-45bd-84e2-31ffe033ce15,79.84,2024-09-25,娱乐,电影,true,现金
69134aa0-36ac-4a4a-9546-d1defa674a26,103.16,2024-09-26,餐饮,早餐,true,微信
2fbdb6ae-e619-4cba-b4c3-2dcd30579574,74.90,2024-09-26,住房,房租,true,现金
56a1218b-7a49-4d29-9677-242458fab2e9,166.35,2024-09-27,住房,房租,true,现金
a09419f2-97b8-4076-9992-dae49d7e48b5,35.03,2024-09-27,餐饮,早餐,true,支付宝
b2d010f8-7aad-4861-a44c-faa715dcadbd,161.24,2024-09-28,餐饮,早餐,true,微信
423649c9-41b5-400b-8425-534f06d0e5ef,121.03,2024-09-28,购物,网购,true,信用卡
b9c97072-0e1a-408c-9ec7-86aaf3247ed8,95.54,2024-09-28,住房,房租,true,支付宝
72d766a9-08c8-4b71-9ee5-46c6f511c679,93.06,2024-09-29,交通,出租车,true,现金
766c4d4e-80c7-4806-87c4-1a6337e43c0a,251.65,2024-09-29,购物,网购,true,现金
4b1d31a6-fc5f-4b6f-842b-f20c0211f8b0,134.68,2024-09-30,购物,网购,true,支付宝
e9b822d9-d852-4a24-b841-5a02fdf7c0b1,115.68,2024-09-30,交通,出租车,true,支付宝
ba8c9dae-f4fb-4df2-8d60-9ec1b65db578,43.46,2024-10-01,住房,房租,true,支付宝
19ceafe4-1a8b-40f5-9acf-bfc842cde31e,131.45,2024-10-01,交通,出租车,true,现金
b16bda87-e6c9-4a8f-9c4f-491c07ecd312,26.21,2024-10-02,购物,网购,true,现金
c19c3fc2-2b2e-4bb2-bc0f-02cb52a3d5d4,261.96,2024-10-02,交通,出租车,true,支付宝
84301df3-c204-411b-842e-3016e257f32d,191.62,2024-10-03,餐饮,早餐,true,微信
c2f7114f-3225-4259-a65c-66bab707df36,29.83,2024-10-03,住房,房租,true,现金
8f0573bc-414c-4963-be26-796cc76ed636,64.11,2024-10-03,住房,房租,true,支付宝
9048b9a9-2f2e-4947-8f8b-1d6f518a3e23,154.51,2024-10-04,住房,房租,true,支付宝
aea24e27-8af0-4f40-977d-b2533fbac680,97.57,2024-10-04,住房,房租,true,微信
18514307-4891-418f-8122-1b68f130c0a5,56.22,2024-10-05,餐饮,早餐,true,微信
1cce5201-e18b-40b5-94ab-76b1a5c11839,153.48,2024-10-05,交通,出租车,true,微信
f6bbb87d-816b-4be4-8f16-4c1a5c5f566a,140.63,2024-10-06,餐饮,早餐,true,现金
608d2f08-9d8a-4e53-a1a0-e1d718d45020,90.70,2024-10-06,住房,房租,true,银行转账
a20f1e31-ba1b-483f-9d8e-083b01be6101,32.09,2024-10-07,医疗,药品,true,现金
96b6e653-0bb9-4444-a8e7-6a84c63c8885,172.03,2024-10-07,餐饮,早餐,true,微信
6786379e-329e-49f6-9439-db69224c29d4,195.21,2024-10-08,餐饮,早餐,true,微信
2542a243-864c-4b0f-9255-428612f9a2fa,131.04,2024-10-08,住房,房租,true,微信
67385451-ca99-49a0-817a-2dec999fe4e9,181.73,2024-10-08,住房,房租,true,支付宝
b5405fab-a205-45ee-acd1-12a16da4277f,126.07,2024-10-09,娱乐,电影,true,支付宝
9c0052a4-1f33-43f3-8bb4-409f9d51e4ac,37.67,2024-10-09,交通,出租车,true,现金
7192e6eb-a8e8-411d-bc9b-68bdd0003d70,131.71,2024-10-10,餐饮,早餐,true,微信
7b2a353c-ae34-4517-bb2c-2bd93f661b0f,69.43,2024-10-10,住房,房租,true,银行转账
e926a2ae-0677-4462-b9f6-03c7b8c100d6,34.22,2024-10-11,餐饮,早餐,true,支付宝
9abef995-b10b-407a-8088-5dd29fbafd6f,171.52,2024-10-11,购物,网购,true,支付宝
138f3831-d3ef-4d73-81e0-e81ae0442331,44.81,2024-10-12,购物,网购,true,支付宝
d3ce943c-8c42-4787-aafd-e0ac27b5a862,27.20,2024-10-12,交通,出租车,true,微信
aea1d9ef-95c5-48ef-9869-0c0c8e460bb8,25.00,2024-10-13,餐饮,早餐,true,微信
a8b72bb6-bc9b-46c9-ae6d-1232c3be7b85,134.51,2024-10-13,住房,房租,true,银行转账
028fff0a-0ebb-4110-b5a5-e1b7840dd9a5,135.11,2024-10-14,住房,房租,true,银行转账
46376fe9-58ac-4b4e-9454-f060080e94c1,151.04,2024-10-14,餐饮,早餐,true,支付宝
a9b04e2b-4dbf-46c6-a6a8-7a2e59bfcc7a,258.14,2024-10-14,购物,网购,true,现金
6b43736c-aca1-4953-a588-559c189638e2,29.37,2024-10-15,购物,网购,true,现金
e2797e26-2de4-492c-a10c-54ecebf22b1a,36.21,2024-10-15,购物,网购,true,支付宝
bdb8e050-012c-4c4e-8c5f-32ac6b7d64ed,106.51,2024-10-16,交通,出租车,true,支付宝
3256b190-a576-42ea-9e9c-1923f560910d,9239.85,2024-10-16,收入,工资,false,现金
58f2474b-7156-486c-86f9-cc405b9ac8f2,16.68,2024-10-17,交通,出租车,true,支付宝
a7d90470-3a8f-487a-adc8-3635ff3c29eb,95.84,2024-10-17,餐饮,早餐,true,支付宝
d93ee8ed-1457-45e0-b482-47b25f510e6b,21.07,2024-10-18,交通,出租车,true,微信
d98e9516-a479-42a6-af53-44ecf7459252,67.28,2024-10-18,住房,房租,true,银行转账
c7448917-dcbe-4a4e-a941-74daf043f8a8,16.89,2024-10-19,餐饮,早餐,true,现金
7eae9a7d-3c22-45de-a5e0-2e8a4f6e9212,116.87,2024-10-19,购物,网购,true,信用卡
5bb1bb6e-8263-403d-b1a3-610076c5daec,113.96,2024-10-19,娱乐,电影,true,支付宝
df7c1a22-4da0-4da0-b3f7-70c153a077e4,84.58,2024-10-20,住房,房租,true,现金
cb0258a0-b4df-4bae-bbc7-8b91e8dd5058,220.53,2024-10-20,餐饮,早餐,true,微信
339df64d-758b-4ca1-8663-d7fd7d6b2330,8711.23,2024-10-21,收入,工资,false,现金
5d78f71d-0f73-4e79-89c8-ed3b3fc4c34e,130.85,2024-10-21,娱乐,电影,true,支付宝
08897518-9da2-4b24-812a-07cce1836758,25.32,2024-10-22,住房,房租,true,微信
b334f032-251f-46d5-a285-fee3ddd29dca,82.87,2024-10-22,娱乐,电影,true,现金
579bdfa2-b609-4e6d-af31-ee0277eb169c,129.67,2024-10-23,住房,房租,true,现金
37622535-e711-41be-bf00-b718e733155b,46.49,2024-10-23,交通,出租车,true,支付宝
e34597f3-65d8-4f23-9115-d6c27072a3d4,145.50,2024-10-24,餐饮,早餐,true,现金
48fa12ae-a22a-4d0a-8416-79dadc762451,97.92,2024-10-24,餐饮,早餐,true,微信
10e15f3b-141b-46d9-bdbd-4eee75201860,71.69,2024-10-24,购物,网购,true,支付宝
263274ad-1f3d-49fd-87da-49f62c3eebdc,153.94,2024-10-25,餐饮,早餐,true,微信
968186ad-c277-48d6-84a8-bddd9f5d2089,73.89,2024-10-25,住房,房租,true,银行转账
2578eaad-1a63-435b-ba7f-6c3a98c17958,141.37,2024-10-26,餐饮,早餐,true,现金
5a1d83d6-e359-4e92-820c-8bfc0e60ea36,16.29,2024-10-26,娱乐,电影,true,现金
86576269-61e0-4b2e-b182-8d398bc1d7db,191.26,2024-10-27,住房,房租,true,银行转账
54b3a29b-4eb2-497c-b67b-89680fe33e9a,31.55,2024-10-27,娱乐,电影,true,现金
7ec83763-98a9-4a46-9eb7-70c6701ff570,244.19,2024-10-28,交通,出租车,true,支付宝
55e1e343-35a7-4ee8-8bf2-0a0be6021792,359.94,2024-10-28,住房,房租,true,微信
76af5caa-9bcf-4825-b50f-232ed2c681a4,177.16,2024-10-29,娱乐,电影,true,微信
c9c6045f-6869-40fb-ba13-fc675cfc4ef9,37.42,2024-10-29,购物,网购,true,微信
5243eaf7-461f-4f38-97a1-1ff97939e64a,62.26,2024-10-30,餐饮,早餐,true,现金
39cd4ee8-f6d2-4bb1-9352-1f04953c1250,40.66,2024-10-30,住房,房租,true,银行转账
60795e58-0e84-473c-8a08-dfaf2893e9d9,40.40,2024-10-30,购物,网购,true,微信
ae83c339-3360-4547-bc23-c8271a0518ce,121.82,2024-10-31,餐饮,早餐,true,现金
e53ce6ec-f422-4a52-94ff-8d4207d770f8,85.50,2024-10-31,住房,房租,true,微信
2466b154-825d-43de-adea-7cfa8c35c9f6,35.60,2024-11-01,住房,房租,true,支付宝
80034e25-e6c9-4584-ab88-6fd0e2f92407,134.13,2024-11-01,购物,网购,true,微信
04828a04-2bcc-4f16-9221-b7fe9966f111,113.62,2024-11-02,交通,出租车,true,微信
245850a3-8da3-4879-b40f-aa9b599e03d7,116.51,2024-11-02,住房,房租,true,微信
2bae4487-8646-466f-a78b-aae4112964e5,244.89,2024-11-03,餐饮,早餐,true,支付宝
53478c4e-2eea-4f67-b8ce-a361efa5d301,7201.70,2024-11-03,收入,工资,false,现金
89582daa-d0b2-4e10-ba62-8e85249902ed,104.23,2024-11-04,购物,网购,true,信用卡
ae162433-03b3-4f7b-b892-e7e641bdbf59,120.01,2024-11-04,住房,房租,true,微信
9c1ee916-7dd5-4e41-8578-cdc46a1a29ce,86.59,2024-11-04,娱乐,电影,true,现金
1295328a-3a31-4bed-b213-14401a197782,30.02,2024-11-05,餐饮,早餐,true,微信
ba5b77c8-adf1-4fd0-89f6-7ed7ba1df666,33.59,2024-11-05,餐饮,早餐,true,支付宝
4e0becd3-fdb7-49c9-a062-401e7c81e65a,87.92,2024-11-06,娱乐,电影,true,微信
686ac33e-bdf6-4951-b217-af3bfddeab97,48.48,2024-11-06,购物,网购,true,信用卡
59236593-4d79-48f6-802d-a673f018dd97,45.67,2024-11-07,餐饮,早餐,true,支付宝
724a64b9-3555-44f1-b6bb-649e210dccee,159.13,2024-11-07,餐饮,早餐,true,微信
98775e18-1146-4516-9bcb-909d5ca87597,27.84,2024-11-08,购物,网购,true,信用卡
90de8278-4a77-46f7-a9f3-e7174ee5b5c4,121.69,2024-11-08,交通,出租车,true,微信
878eb1e1-397a-4846-bc0a-bf72e2d4dca6,8809.83,2024-11-09,收入,工资,false,现金
8405aa59-4462-48f2-8a7f-2c4d735949d6,80.63,2024-11-09,购物,网购,true,微信
28931a97-18a7-416c-8c81-d9974a86802a,89.70,2024-11-09,购物,网购,true,支付宝
cfd54130-764c-4b9a-9785-690749ea008f,20.56,2024-11-10,住房,房租,true,支付宝
d71339a8-b337-4d43-86bf-4b4213645da3,78.07,2024-11-10,购物,网购,true,现金
14a808d4-0c59-4a15-846a-acf02fe85940,95.90,2024-11-11,购物,网购,true,支付宝
104e6fdc-51ac-4f9b-aeee-20017f96a8cf,186.16,2024-11-11,餐饮,早餐,true,现金
b8d19ec1-2161-4934-bcbd-fa4f8d87a673,167.39,2024-11-12,购物,网购,true,现金
321e1eea-00d9-491e-b632-576d16b7c80b,70.22,2024-11-12,餐饮,早餐,true,支付宝
26012feb-df94-4bea-ac06-ed89efca225b,102.51,2024-11-13,交通,出租车,true,现金
2e2a0d4a-b645-4e06-a415-199b7548a9fd,76.45,2024-11-13,交通,出租车,true,支付宝
71155808-e223-4415-82b6-9768aa819efa,119.75,2024-11-14,餐饮,早餐,true,现金
bb38c0a5-76d0-427f-bdca-3398c7ae82b8,108.06,2024-11-14,餐饮,早餐,true,微信
308fc498-287c-4f37-bd4f-06bb16362453,104.08,2024-11-14,医疗,药品,true,微信
a70a4c79-3111-4667-ae47-0b72c1fc95d5,127.27,2024-11-15,住房,房租,true,现金
dc305943-0e8d-4f61-b09c-d054b26a4554,5743.05,2024-11-15,收入,工资,false,现金
9061c944-36ff-4e0a-95de-8c429d456f57,34.98,2024-11-16,餐饮,早餐,true,现金
e26d941d-5f55-4e1a-b343-7faa19157e4d,11.40,2024-11-16,交通,出租车,true,支付宝
f91cc618-32eb-4e1b-b601-ae24a9ce976a,157.62,2024-11-17,交通,出租车,true,现金
8df3c870-d9c8-43d0-b725-4f01ecd980cc,46.14,2024-11-17,购物,网购,true,微信
84b41ff5-e5a3-4e99-a528-e2c08c68d3f1,14.36,2024-11-18,购物,网购,true,微信
74672a7e-1e44-493b-ab3c-f00140408729,8569.74,2024-11-18,收入,工资,false,现金
ee7bf147-338d-4030-941a-7ee946114f77,106.51,2024-11-19,交通,出租车,true,支付宝
6f3c7fb8-b179-4b7a-8251-98503588fb85,155.42,2024-11-19,娱乐,电影,true,现金
bbdfdf0a-c187-409b-bd42-99caeccad422,46.24,2024-11-20,交通,出租车,true,现金
47cf7a30-36ec-4477-ba07-530f6412c580,83.60,2024-11-20,住房,房租,true,微信
955ad8c9-f8b4-43ac-93be-ff125969f7b2,220.98,2024-11-20,餐饮,早餐,true,现金
15a2544b-b412-4b78-9afc-fba5eaa75ab6,88.96,2024-11-21,住房,房租,true,微信
3fb10081-9a10-463e-93ab-717883e9e5ee,7791.75,2024-11-21,收入,工资,false,现金
0206e616-cb97-4187-83b0-751a0fb481a8,144.48,2024-11-22,餐饮,早餐,true,微信
d18d9894-19c5-4a05-a275-009064d7ddcd,125.08,2024-11-22,餐饮,早餐,true,支付宝
8beef1a7-e7d9-4931-889e-273c7b4e2ad6,128.93,2024-11-23,餐饮,早餐,true,微信
aa34b030-f1f3-4956-99bd-c068fddf4195,104.86,2024-11-23,住房,房租,true,银行转账
1f369d05-acac-41a3-8eb8-37a0bcdfe408,7.25,2024-11-24,住房,房租,true,微信
e61c54df-ae8f-4544-b03c-d40be27f4e25,42.98,2024-11-24,交通,出租车,true,微信
b6a8dce0-3e0c-4d62-9867-506151a6f6c9,219.74,2024-11-25,娱乐,电影,true,支付宝
261346c5-ff29-4fc2-b82d-02f83b9e2805,34.43,2024-11-25,购物,网购,true,支付宝
73aa79a5-3ee4-4491-9130-78544cd07e7c,13.10,2024-11-25,购物,网购,true,微信
fe8679b1-7ebc-4e85-b140-a199443d6f0f,54.64,2024-11-26,交通,出租车,true,现金
fb71d79f-cc44-40ee-83a0-8aa1afdabae8,47.55,2024-11-26,交通,出租车,true,现金
69865ed2-a78c-4a51-90c4-e64da4da721e,83.36,2024-11-27,住房,房租,true,支付宝
c1da9154-11f4-427b-b34a-60276e265946,5405.66,2024-11-27,收入,工资,false,现金
0da7a66b-db47-4d03-88bd-4e56829416d9,142.43,2024-11-28,购物,网购,true,微信
7e58abca-a59e-4d12-b154-4ca0ee8cbbad,82.85,2024-11-28,交通,出租车,true,微信
9c08289b-5cba-40eb-8128-87d9e8ec8c21,168.83,2024-11-29,住房,房租,true,现金
7752466e-004e-42a0-a40b-9fb6aa81ecd3,105.76,2024-11-29,餐饮,早餐,true,支付宝
8056b96f-f98d-48f6-b57e-1a63505789c8,109.73,2024-11-30,购物,网购,true,信用卡
5c59c727-4045-4b58-a0a4-281d6acc993b,111.06,2024-11-30,住房,房租,true,现金
eb96d020-e803-4e09-a7e4-b5e657fc61ff,41.62,2024-11-30,娱乐,电影,true,现金
48bac3aa-aaae-4387-85c0-15aa2c9d0aa1,79.30,2024-12-01,餐饮,早餐,true,现金
a3f97fb2-d11a-4b2e-a440-9b6d3dfc56dd,96.32,2024-12-01,医疗,药品,true,微信
f58c5754-2523-4d2f-a7a4-280cc1734316,52.17,2024-12-02,交通,出租车,true,支付宝
8852b052-4820-4a7b-82da-defc067cdd3a,25.76,2024-12-02,餐饮,早餐,true,现金
c01b2f44-854a-4c0a-9be7-7b863a98a471,19.88,2024-12-03,餐饮,早餐,true,支付宝
8c5bb92d-96e6-41eb-9d3c-017372fbd84e,70.99,2024-12-03,购物,网购,true,信用卡
4f7b8460-fcd3-4d6d-87eb-8edcaf1b9b87,82.91,2024-12-04,餐饮,早餐,true,支付宝
3521d9a9-de96-4070-a1d2-62239f2cb67e,88.86,2024-12-04,住房,房租,true,现金
195a50d3-7185-4bc0-8948-c3f15d9f88c2,211.56,2024-12-05,住房,房租,true,现金
62d73e5f-4378-4635-9d85-fbe40e60331e,96.73,2024-12-05,住房,房租,true,银行转账
594daea6-1d43-4d88-8ac1-38a28be037fd,105.09,2024-12-06,购物,网购,true,支付宝
01a41c7a-d2cc-4b9c-a158-999ad5f5c797,206.66,2024-12-06,住房,房租,true,现金
e36d6b07-6942-4880-959d-23c0150a8b06,13.52,2024-12-06,娱乐,电影,true,现金
b6f71d56-1127-4789-b408-1ca448ad83de,73.08,2024-12-07,购物,网购,true,信用卡
8ef26bca-09e6-4032-a7e1-b78864797b76,31.19,2024-12-07,购物,网购,true,支付宝
c8f56b59-5203-45f6-a76a-40678e4df2fb,74.26,2024-12-08,购物,网购,true,信用卡
e2a3b9fd-cc89-4338-9fc7-732104302938,197.46,2024-12-08,餐饮,早餐,true,现金
89180285-a6dc-46fe-b172-a1250d57bd9d,140.74,2024-12-09,住房,房租,true,微信
7fb447ff-b363-4b43-857d-02fbd9292d02,147.91,2024-12-09,餐饮,早餐,true,现金
b887dc2c-0c00-423c-967c-6cb86d52d817,26.32,2024-12-10,餐饮,早餐,true,现金
ea1ff93d-c4d0-46cf-9bd9-b18bd1ca8227,183.39,2024-12-10,医疗,药品,true,医保卡
f093b1d8-a849-4e73-9358-9da32c0c57e9,142.35,2024-12-11,购物,网购,true,现金
907f0a39-a8e8-4958-b004-eaa374d1f68c,129.45,2024-12-11,餐饮,早餐,true,现金
4e5d2aeb-e317-4b61-a9e5-d3dc0b23c087,10429.59,2024-12-11,收入,工资,false,现金
eb396a56-fe3f-4f95-896d-d47b53180163,50.41,2024-12-12,交通,出租车,true,支付宝
aa0b4bec-e319-4835-8acd-e6d8884a64c0,9244.14,2024-12-12,收入,工资,false,现金
00e857f9-c556-446d-b055-365239624993,201.92,2024-12-13,餐饮,早餐,true,支付宝
2c510d3a-9fca-4dc0-875d-cef40f7e076a,100.48,2024-12-13,购物,网购,true,微信
0b83c55e-63af-4091-b6c4-dc41231a1204,170.63,2024-12-14,交通,出租车,true,微信
2e1a010d-88b7-43e6-b3e2-ffcb0a9d7b57,109.39,2024-12-14,购物,网购,true,微信
7f995c00-da54-48cd-9843-c22bae112725,7.99,2024-12-15,购物,网购,true,支付宝
b10cc366-1dd3-4f4a-a1ac-ea165eb4ecbc,283.82,2024-12-15,餐饮,早餐,true,现金
f1cfbd87-df43-45dc-a98c-f41b6915c07a,54.76,2024-12-16,购物,网购,true,现金
ed7f3d3d-6bb9-4f4d-a3f2-629b9b072795,236.24,2024-12-16,餐饮,早餐,true,现金
0d380363-7902-4c8c-b467-91134ecbddfc,108.41,2024-12-16,餐饮,早餐,true,微信
b7f632ea-150f-4078-a5ae-61f5e17de47b,72.30,2024-12-17,餐饮,早餐,true,支付宝
c8d81d7e-9e30-48d5-9ff0-0df25ba2e18f,25.36,2024-12-17,购物,网购,true,微信
86243c9e-27f1-4e9e-8ddc-db740af0cfb6,48.14,2024-12-18,住房,房租,true,银行转账
c30d9e5f-f5c4-4e9a-a5bc-20ac6e3d07e8,98.28,2024-12-18,住房,房租,true,支付宝
dca26442-c193-4b43-b619-b7aafedfcd8c,147.32,2024-12-19,购物,网购,true,现金
9fcb6685-c506-451c-84c8-93cab7731f6e,31.32,2024-12-19,餐饮,早餐,true,现金
5b2fdc6e-983b-4917-94b8-16c6b8c78a93,152.70,2024-12-20,餐饮,早餐,true,支付宝
e4b595c4-86bb-4fa8-8a3c-a8b899184055,236.14,2024-12-20,交通,出租车,true,微信
23350906-8cd0-4517-bab8-a3d31f0c59cc,119.43,2024-12-21,娱乐,电影,true,支付宝
1b52506e-5866-45e9-b55a-6eb010e8430a,11.95,2024-12-21,交通,出租车,true,现金
5ad25879-0c39-45e6-9910-617e28fc12b6,14.67,2024-12-21,医疗,药品,true,医保卡
4ce1fd49-23c9-4f12-b568-103b70a6e6eb,56.89,2024-12-22,餐饮,早餐,true,微信
e1563cd2-e06e-4b9d-9bfd-e174dd105157,96.87,2024-12-22,交通,出租车,true,现金
8867643f-e55e-4549-9558-2d3fac32da22,103.25,2024-12-23,购物,网购,true,信用卡
ae314bf8-6a6d-46ea-b757-fd972780cbd6,108.01,2024-12-23,购物,网购,true,微信
8690d4f7-57d4-4594-98a3-4c36b67e4038,33.87,2024-12-24,交通,出租车,true,微信
4aedee4a-fbd3-48b0-819a-83d1cbd15be5,123.43,2024-12-24,交通,出租车,true,现金
f9d406db-9117-43e4-ab09-106f6e449d3b,240.50,2024-12-25,餐饮,早餐,true,微信
0f710805-5344-4be6-b505-2c8969d3e08f,84.41,2024-12-25,娱乐,电影,true,现金
3c8f7523-9838-4545-850b-b939121ff546,62.61,2024-12-26,购物,网购,true,现金
faef0a4e-531e-43d2-8966-e7a1e495c8d6,45.22,2024-12-26,餐饮,早餐,true,微信
9dbe5b1b-ab72-4577-b898-1ff56bb2f27b,246.97,2024-12-27,餐饮,早餐,true,支付宝
d977f464-a6dc-451f-8783-fdad8f0530cc,38.53,2024-12-27,交通,出租车,true,微信
cfcc3a55-aff3-4aed-928d-758b996669e5,162.13,2024-12-27,餐饮,早餐,true,支付宝
6fa98260-5cf0-4a0a-a380-553f0ca30878,8.78,2024-12-28,购物,网购,true,支付宝
05e262c7-b561-4d0e-beb1-9cc27cf2357b,159.16,2024-12-28,餐饮,早餐,true,现金
5a2450a9-f1de-4c83-86cb-50c2b1c51936,367.70,2024-12-29,医疗,药品,true,微信
17fd2790-fafc-464e-aac5-fd56e1b13b93,332.06,2024-12-29,购物,网购,true,微信
eb8ee0a6-46a5-48ea-aad1-5192422344b8,22.17,2024-12-30,餐饮,早餐,true,现金
c93c9686-be1a-4cdd-bdef-c309c52d744b,8499.80,2024-12-30,收入,工资,false,现金
b67e3714-9ca4-44b0-81bf-e31fd030264e,103.65,2024-12-31,餐饮,早餐,true,微信
54f61b11-eddd-4011-a0ae-5d5836e75a5a,71.82,2024-12-31,购物,网购,true,支付宝
026d7569-4a22-45dc-951d-159a8c85d8df,184.15,2025-01-01,住房,房租,true,支付宝
55906855-8e57-4dbf-925d-b960cf081b72,61.91,2025-01-01,交通,出租车,true,现金
0ee6867f-d577-419f-84aa-931c3ec838ed,47.99,2025-01-01,购物,网购,true,微信
60cd9d2a-1c47-4a8c-a100-653f83fe4d3f,83.45,2025-01-02,住房,房租,true,现金
556e15a2-9ed9-4146-90c1-49d4f1a8b68d,100.47,2025-01-02,餐饮,早餐,true,微信
277ec1c3-ef79-4eed-b076-319806a9a615,37.94,2025-01-03,餐饮,早餐,true,现金
ddb4c7fa-e1c5-42f8-9ded-4551b14e03db,135.88,2025-01-03,餐饮,早餐,true,支付宝
3e50162a-f79f-4ab6-9640-fafae40d9411,11697.22,2025-01-04,收入,工资,false,现金
9de42e2d-6639-4f1f-b578-eb2f774d52db,45.01,2025-01-04,购物,网购,true,微信
e26aa396-b27a-46c5-964a-17ebf22014d3,141.27,2025-01-05,购物,网购,true,现金
18d91ab8-defb-4183-92fd-4527ea4e300c,152.97,2025-01-05,购物,网购,true,信用卡
cdd52e4a-5d4d-47a4-b0de-d22d8a161984,57.25,2025-01-06,餐饮,早餐,true,微信
e5e00549-41d9-4f34-a628-1737e0a048b4,9982.52,2025-01-06,收入,工资,false,现金
69fd7261-04a9-464c-bf0b-320bc645d01c,169.94,2025-01-06,医疗,药品,true,支付宝
333eefb0-5a53-43fa-958b-939eb9d01846,40.81,2025-01-07,交通,出租车,true,支付宝
e0c04ce3-a2a0-4647-8c86-c2ad123754b4,25.85,2025-01-07,餐饮,早餐,true,现金
c869deb5-2c76-4353-bf82-98f75185be78,88.96,2025-01-08,医疗,药品,true,支付宝
ede7e070-4773-48e9-a51b-a984f0e26084,152.59,2025-01-08,住房,房租,true,现金
b43b0e93-eaec-4436-bb01-16cc32a21e46,94.56,2025-01-09,餐饮,早餐,true,支付宝
7a5567ea-1686-44dd-b32b-b7de7a905d47,195.25,2025-01-09,娱乐,电影,true,支付宝
ce2eb6bd-0a28-447b-ac78-7fec9151d31b,45.52,2025-01-10,餐饮,早餐,true,微信
b6228ad4-8333-4dd7-be7f-ce2084870d45,32.95,2025-01-10,餐饮,早餐,true,支付宝
263320f7-b053-4c94-9365-543fd3213c7a,80.90,2025-01-11,住房,房租,true,支付宝
a4ee7df7-ae12-48ee-bd5a-6b2dafb9663e,194.42,2025-01-11,娱乐,电影,true,微信
60628c42-fe9b-4211-b866-2df4030bc841,39.77,2025-01-12,购物,网购,true,信用卡
c9eaa778-0714-4432-8eb7-f026cb068c5a,75.66,2025-01-12,交通,出租车,true,现金
2c11cc22-4b10-49d6-82f0-2be927dc98f6,89.51,2025-01-12,餐饮,早餐,true,微信
2d564c8f-6de4-4ec9-ba68-7f9807633980,61.99,2025-01-13,购物,网购,true,现金
de732132-616a-4008-bba6-d686ff3cece4,118.10,2025-01-13,购物,网购,true,支付宝
6968d2dd-f8ac-477b-b530-17cab6975b54,45.92,2025-01-14,餐饮,早餐,true,微信
81cd0f65-da4c-4ecf-b7d9-3f6b04309348,142.40,2025-01-14,交通,出租车,true,微信
cd754305-32f1-4e91-95a3-c8c1f77ee6a3,102.24,2025-01-15,购物,网购,true,微信
dd208e74-0779-4b2f-9839-9b2bbaae3e85,115.34,2025-01-15,餐饮,早餐,true,微信
3d4b377f-0b6f-4ac3-a8c5-060480bcaea3,191.04,2025-01-16,交通,出租车,true,现金
35e9660f-e8d9-4242-b2b3-0c0b441874e6,79.23,2025-01-16,交通,出租车,true,现金
d61ff545-835c-4011-ba98-f06c079e7371,6933.39,2025-01-17,收入,工资,false,现金
2f72bc8b-0de7-4923-81ee-02d9f1e297f8,98.77,2025-01-17,购物,网购,true,信用卡
d6b5c6c1-68bf-4c54-91c2-903c91c32a34,18.31,2025-01-17,购物,网购,true,现金
ac51ab5f-3476-4fac-94c0-caa39d2814bd,175.43,2025-01-18,餐饮,早餐,true,现金
ceb2bb6c-c160-403c-b28b-a82dbd871c42,138.50,2025-01-18,餐饮,早餐,true,微信
8d86b0f2-8ba5-4721-aed5-97c8173cf196,234.65,2025-01-19,娱乐,电影,true,现金
2ad288b9-b7ca-460a-a906-c97777a79681,62.36,2025-01-19,餐饮,早餐,true,支付宝
4d89aaeb-e1da-4ea5-b084-16cd19fb5803,269.04,2025-01-20,餐饮,早餐,true,现金
22fa4e46-4509-4393-8371-d75ec4c31196,94.17,2025-01-20,餐饮,早餐,true,现金
8ed2d43c-6070-4a4e-af6b-543db3163214,54.95,2025-01-21,交通,出租车,true,微信
362c4c95-cd76-4770-bba7-5f90ff4e3625,67.47,2025-01-21,交通,出租车,true,现金
d0a83792-b73e-4ad6-9b02-17ddf5ba12d1,69.23,2025-01-22,购物,网购,true,支付宝
1aa83634-f28f-4bbf-bd41-81a1f2166eac,183.38,2025-01-22,购物,网购,true,信用卡
303a3d85-7fa2-44e1-a5f4-06664a3c5db2,192.97,2025-01-22,娱乐,电影,true,现金
ee86c3ac-f5fd-44ad-afc4-4764faf4f6d3,98.81,2025-01-23,住房,房租,true,支付宝
bcf54421-df7a-493c-9ca3-959d9ce3b025,40.27,2025-01-23,交通,出租车,true,现金
8649bcb7-7c21-4033-86a5-15829d517554,318.49,2025-01-24,交通,出租车,true,现金
ad2e9ae5-c92f-4d7f-83e1-4d00efc1ce07,76.76,2025-01-24,娱乐,电影,true,支付宝
7faf1f27-25c0-466c-99a4-a89cb32236a1,40.00,2025-01-25,交通,出租车,true,支付宝
7c04d8b3-499d-479e-aba8-f6e964f7e879,69.65,2025-01-25,餐饮,早餐,true,现金
0c2104d3-3c03-442f-9059-e8a827ea17e0,50.58,2025-01-26,餐饮,早餐,true,现金
72b9779a-efbf-4ad1-87fa-3f70cf31fca2,76.66,2025-01-26,餐饮,早餐,true,现金
59b014b2-fcf5-4756-a1f6-98e84e7e0481,221.87,2025-01-27,餐饮,早餐,true,现金
5b5e1bee-8e90-4327-bc1f-caa8a99ec3f9,68.68,2025-01-27,餐饮,早餐,true,微信
03dc37dc-97d2-40c0-b375-6c55e21b1596,144.51,2025-01-27,住房,房租,true,微信
38b5dfbd-1128-4527-9d76-390df5d3f4c0,20.61,2025-01-28,餐饮,早餐,true,现金
f6ac8554-869b-4eac-a4ec-8e491c2b6886,151.83,2025-01-28,交通,出租车,true,现金
7ae4f8e2-d681-4a11-9696-ccc0e3d9db15,100.69,2025-01-29,购物,网购,true,现金
7b6f5a44-b524-430a-bf9a-6392edee40f6,27.83,2025-01-29,餐饮,早餐,true,支付宝
d4174d25-9c9f-49d8-89ec-f26f974c0e52,231.03,2025-01-30,购物,网购,true,信用卡
94e8d7e2-f928-4977-95af-ad7d7ccfa90c,39.25,2025-01-30,娱乐,电影,true,现金
0ff490db-906c-48e8-a424-4b331caa7684,58.11,2025-01-31,娱乐,电影,true,支付宝
aeaa9424-8536-4a48-901f-7914744e71ec,8710.06,2025-01-31,收入,工资,false,现金
74965864-8d56-40c7-8ece-6892ba585297,100.23,2025-02-01,购物,网购,true,支付宝
1122be7a-8923-4739-b2b9-2c9ba53fde98,61.83,2025-02-01,住房,房租,true,银行转账
28616485-aad5-4e28-b6f2-805f45ced46a,222.22,2025-02-02,购物,网购,true,现金
4f71e281-eb5c-4604-a257-61b95aa907d2,218.74,2025-02-02,住房,房租,true,银行转账
56edff7c-8b45-404b-a7ba-f3eda91d2693,8590.85,2025-02-02,收入,工资,false,现金
f60b6014-bf42-4389-ba4c-e2f8d5b5cacb,35.74,2025-02-03,医疗,药品,true,支付宝
8ad05fb3-f3bd-481c-997e-89d42eea8521,46.83,2025-02-03,餐饮,早餐,true,现金
92b161ed-96da-4d39-a1a6-32be55e84842,33.79,2025-02-04,餐饮,早餐,true,支付宝
e65938e9-f24d-4307-adb0-72b2fde55ec7,63.04,2025-02-04,购物,网购,true,现金
c8976968-31a8-43eb-b1fa-8857d58c5b7c,173.54,2025-02-05,餐饮,早餐,true,支付宝
0c60eda3-61db-4b0d-b27b-c495ff81261e,106.15,2025-02-05,购物,网购,true,信用卡
6da44d27-f93f-480c-9fc4-bdcf0f758897,10390.44,2025-02-06,收入,工资,false,现金
b4846901-533d-44d4-9f43-39f36ab1f58b,118.17,2025-02-06,交通,出租车,true,支付宝
892cde9f-0dab-4723-b070-f158e65d3e4a,95.83,2025-02-07,购物,网购,true,支付宝
96f88d5f-a96e-4b92-8a81-78ab8e79bf29,159.72,2025-02-07,住房,房租,true,银行转账
086cc850-d4cd-40c7-823a-bbe55f5c111a,154.13,2025-02-07,餐饮,早餐,true,微信
0f8d104c-937d-470d-bd2c-2a9317209a57,137.35,2025-02-08,购物,网购,true,现金
cdce31ad-7d63-4e37-a2e1-4d3c5ba40b74,41.54,2025-02-08,娱乐,电影,true,微信
23d8e4d4-658e-42cd-96a2-5676452d9faf,61.38,2025-02-09,购物,网购,true,微信
d6640dbb-ed62-436b-9803-d572dbb58316,43.26,2025-02-09,娱乐,电影,true,支付宝
d66dae56-0980-43e8-83f9-62f2d9c36679,103.28,2025-02-10,餐饮,早餐,true,现金
591fc370-f422-45e8-bb9e-d088cb863e39,202.30,2025-02-10,餐饮,早餐,true,微信
06c018f6-e81c-4d75-8f6e-977b9ed7f691,98.83,2025-02-11,餐饮,早餐,true,现金
401b37ea-924f-4ab8-91b4-35a548ef416b,79.18,2025-02-11,住房,房租,true,银行转账
76c8f48f-d38d-4b78-a2c3-d712fbec3d79,106.34,2025-02-12,住房,房租,true,微信
e212dcec-26ce-4005-9fd0-82d886a10362,242.74,2025-02-12,娱乐,电影,true,现金
0f55412d-1346-489b-9b05-a73f94856f70,145.09,2025-02-12,餐饮,早餐,true,微信
1bf29ed3-0554-4616-b3a8-c885a320e2e3,135.34,2025-02-13,交通,出租车,true,现金
7f986bbb-5aba-4ef6-a97f-ddd794cc2aaf,176.06,2025-02-13,住房,房租,true,银行转账
ae1171f9-03ed-45df-89e7-def75f602a1b,380.93,2025-02-14,餐饮,早餐,true,现金
bec3269f-9e3e-4a72-8d81-81255783ad47,48.37,2025-02-14,医疗,药品,true,支付宝
5c0b9787-2607-460b-b7f6-93eb3044a1a5,8760.40,2025-02-15,收入,工资,false,现金
f59f5543-e4b9-4b31-b6f3-84917c18b476,72.27,2025-02-15,餐饮,早餐,true,支付宝
3f36aa95-820d-4b40-9285-5404a056fa00,85.85,2025-02-16,餐饮,早餐,true,现金
267fcb64-9650-4fd3-9672-d78f7d81e211,112.79,2025-02-16,餐饮,早餐,true,现金
7d406fcc-8076-4c61-b3ff-1d763b2d681d,105.76,2025-02-17,购物,网购,true,支付宝
d24ecc64-f4e2-4cd7-bc5b-f58ec6940db7,95.18,2025-02-17,医疗,药品,true,微信
b2de9bcf-c6ed-442f-a846-60de025b6654,148.08,2025-02-18,交通,出租车,true,现金
363b873d-eb94-48c6-94ca-d0cf39e06baa,7.90,2025-02-18,交通,出租车,true,微信
e7c60f9e-1a8e-456a-b575-0f0535b97952,8.48,2025-02-18,餐饮,早餐,true,现金
98e14cb4-5028-44e2-a76b-8fa6be283ec1,6628.00,2025-02-19,收入,工资,false,现金
662fbe7d-ffc4-408d-8d67-45beceec1f7c,5.97,2025-02-19,购物,网购,true,支付宝
04a6b51b-dec5-49cc-8606-ab0894b97717,36.37,2025-02-20,餐饮,早餐,true,支付宝
479d0455-e3f7-426d-854a-092a3d241510,40.08,2025-02-20,购物,网购,true,微信
c532221f-b6c7-44ba-b96f-4c61053d1ace,54.87,2025-02-21,购物,网购,true,微信
92b330ec-b2e7-4b65-a6d3-8d757500a6de,39.41,2025-02-21,餐饮,早餐,true,现金
9a1e4d30-0d1c-4849-b340-60b5e0546c9d,33.03,2025-02-22,餐饮,早餐,true,现金
2aac1a27-12ff-4f84-971e-ed8c4f4423e0,43.43,2025-02-22,交通,出租车,true,现金
c3be2702-0802-4ab9-9979-72c78093e90d,94.97,2025-02-23,餐饮,早餐,true,支付宝
8ce36ffe-7a0d-4900-89da-3b00fe951685,128.01,2025-02-23,交通,出租车,true,现金
6d87a813-c1d5-4475-a989-0e449577bdab,33.40,2025-02-23,交通,出租车,true,微信
87cb2499-e76c-4925-b2a2-1c873a7482fd,111.81,2025-02-24,医疗,药品,true,微信
c363b228-2c0f-4c51-b803-4d25bf9d56f8,55.57,2025-02-24,餐饮,早餐,true,支付宝
aa6a1ee7-6668-4556-9ec6-693fb57f35d8,69.90,2025-02-25,购物,网购,true,支付宝
a313cf51-1625-4aab-8fc3-7d89c52283f5,67.39,2025-02-25,餐饮,早餐,true,现金
62833d82-b555-4b37-8d31-4c7886995da6,100.72,2025-02-26,交通,出租车,true,微信
89f0eac6-3457-4355-af33-8d2717c243e6,208.46,2025-02-26,餐饮,早餐,true,现金
6e32ad00-5b0b-479f-807b-8404dfe89298,210.35,2025-02-27,购物,网购,true,现金
77ffc608-d7c5-4d68-a7f0-f456d26ad207,124.47,2025-02-27,餐饮,早餐,true,现金
e08ac221-ff45-4914-a0d3-140d55d327f6,15.44,2025-02-28,餐饮,早餐,true,现金
a46bfd9e-7612-426b-a8d0-8f6476d417d4,212.73,2025-02-28,餐饮,早餐,true,现金
830b44c9-f15f-47d8-a630-a093cb5417b1,247.71,2025-02-28,餐饮,早餐,true,支付宝
fc2eef44-5992-4447-81fd-10d157d2e7be,275.59,2025-03-01,餐饮,早餐,true,微信
55bb4647-2439-4c5e-ba41-7e4553999541,10.02,2025-03-01,购物,网购,true,微信
4703db56-6dbd-4e59-8997-976232f28060,51.95,2025-03-02,医疗,药品,true,医保卡
69ed4c39-14e8-4284-986e-e70294d7d0e9,94.02,2025-03-02,餐饮,早餐,true,支付宝
e34649c5-0e4d-4be3-883a-f80b01fe7d3d,61.80,2025-03-03,餐饮,早餐,true,现金
ce988044-c4b1-4e11-9921-05fe6633d410,65.31,2025-03-03,购物,网购,true,信用卡
7866a149-3638-4777-9439-53805b94630f,2.94,2025-03-04,餐饮,早餐,true,支付宝
4f72a252-4d53-4553-b7d4-b4b78ee81b36,36.77,2025-03-04,住房,房租,true,银行转账
8a90e85e-3b7c-4ae3-ab7d-4b66defc7bd2,16.90,2025-03-05,住房,房租,true,支付宝
293b718b-4c37-4c12-8428-953248230376,292.13,2025-03-05,住房,房租,true,现金
94d2fa30-257a-4e9a-8ec7-95c197ae423f,34.35,2025-03-05,购物,网购,true,信用卡
37ca6ddb-e373-40c7-8726-001179d2e829,135.09,2025-03-06,购物,网购,true,支付宝
bc6533d4-bf03-4e3d-922a-ae23a2758306,215.67,2025-03-06,餐饮,早餐,true,现金
15268bcb-798d-45d7-8b0a-2c5cfac8b933,104.70,2025-03-07,餐饮,早餐,true,支付宝
23f34794-22c1-478c-9da8-f96dd4ea3c42,144.90,2025-03-07,医疗,药品,true,现金
8012ffe0-6ed8-4b66-bc9c-a446cf5c99cf,20.00,2025-03-09,餐饮,晚餐,true,微信
e5a57c64-71a9-4229-bf1b-e47e4c5c3f61,10.00,2025-05-01,餐饮,早餐,true,现金
8fab39cc-b332-4378-bea9-d30547da14ef,10.00,2025-05-01,交通,打车,true,微信
